first_name,gender_raw,gender
AJ,unknown,
Aakash,unknown,
Aaron,male,male
Aart,male,male
Aarti,female,female
Aarushi,unknown,
Aastha,unknown,
"Abboud,",unknown,
Abdulaziz,male,male
Abel,male,male
Abelardo,male,male
Abhimanyu,unknown,
Abhinash,unknown,
Abhishek,unknown,
Abhitesh,unknown,
Abigail,female,female
Abolfazl,unknown,
Acelya,unknown,
"Acharya,",unknown,
Ada,female,female
"Adachi,",unknown,
Adam,male,male
"Adamopoulos,",unknown,
Adem,male,male
Adhemar,unknown,
"Adhvaryu,",unknown,
Adi,male,male
Adibah,unknown,
Aditi,female,female
Aditya,male,male
Adonis,male,male
Adrian,male,male
Adriano,male,male
Adrien,male,male
Adway,unknown,
Afonso,male,male
Afua,unknown,
"Afzal,",unknown,
"Agarwal,",unknown,
Agathe,female,female
"Aggarwal,",unknown,
Agnes,female,female
Agneta,female,female
Agnieszka,female,female
Agostina,female,female
Agustin,male,male
"Ahiabu,",unknown,
"Ahmad,",unknown,
Ahmed,male,male
"Ahmed,",unknown,
Ahu,female,female
Aibo,unknown,
Aidan,male,male
Aiday,unknown,
Aime,female,female
Ajin,unknown,
"Ajzenman,",unknown,
Akanksha,unknown,
Akash,male,male
Akifumi,male,male
Akihisa,male,male
"Akin,",unknown,
Akinori,male,male
Akio,male,male
Akiva,male,male
Akos,unknown,
"Akresh,",unknown,
Akshat,unknown,
Al,male,male
Alae,unknown,
Alaitz,female,female
"Alam,",unknown,
Alan,male,male
Alanna,female,female
Alba,female,female
"Alba,",unknown,
Alban,male,male
Albert,male,male
Alberto,male,male
Albrecht,male,male
Alden,male,male
Alecia,female,female
Alejandra,female,female
Alejandrina,female,female
Alejandro,male,male
Alejo,male,male
Aleksandr,male,male
Aleksandra,female,female
Aleksei,male,male
Alena,female,female
Alessandra,female,female
Alessandro,male,male
Alessio,male,male
Alex,male,male
Alexander,male,male
Alexandr,male,male
Alexandra,female,female
Alexandre,male,male
Alexandro,male,male
Alexandros,male,male
Alexei,male,male
Alexey,male,male
Alexia,female,female
Alexis,male,male
Alfred,male,male
Alfredo,male,male
Ali,male,male
"Ali,",unknown,
Alica,female,female
Alice,female,female
Alicia,female,female
Alina,female,female
Alipio,male,male
Alison,female,female
Alistair,male,male
Allan,male,male
Allen,male,male
"Allen,",unknown,
Allie,mostly_female,female
Allison,female,female
Alon,male,male
Alonso,male,male
Alperen,male,male
Altantsetseg,unknown,
Aluma,unknown,
Alvaro,male,male
Alvin,male,male
Alyssa,female,female
Ama,unknown,
"Amand,",unknown,
Amanda,female,female
Amani,female,female
"Amano-Patino,",unknown,
Amar,male,male
Ambuj,unknown,
Amedeo,male,male
Amelia,female,female
Ami,female,female
Amit,male,male
Amol,unknown,
Amrit,andy,
Amrita,female,female
Amy,female,female
Ana,female,female
"Anagol,",unknown,
Anamaria,female,female
"Anand,",unknown,
Ananya,unknown,
Anastasia,female,female
Anastasiia,female,female
Anastassia,female,female
Anatoli,male,male
Anaïs,female,female
Ande,female,female
Ander,male,male
Anders,male,male
Anderson,male,male
Andis,male,male
"Ando,",unknown,
Andre,male,male
Andrea,female,female
Andreas,male,male
Andreea,female,female
Andrei,male,male
Andrej,male,male
Andres,male,male
Andresa,female,female
Andrew,male,male
Andrey,male,male
Andries,male,male
Andrii,male,male
András,male,male
André,male,male
Andrés,male,male
Andy,male,male
Anett,female,female
"Ang,",unknown,
"Angel,",unknown,
Angela,female,female
Angelica,female,female
Angelo,male,male
Angie,female,female
"Angyridis,",unknown,
Anh,mostly_female,female
Anhua,andy,
Anik,unknown,
Aniket,unknown,
Anil,male,male
Anindya,unknown,
Anirban,unknown,
Aniruddha,unknown,
Anirudh,unknown,
Anisha,unknown,
Anita,female,female
Anitha,female,female
Anjali,female,female
Ankita,unknown,
Anlong,andy,
Anna,female,female
Anne,female,female
Annelies,female,female
Annemarie,female,female
Annemie,female,female
Annie,female,female
Annika,female,female
Anouk,female,female
Anqi,andy,
Anshumaan,unknown,
Anshuman,unknown,
Anson,male,male
Ante,male,male
Anthony,male,male
Antoine,male,male
Anton,male,male
Antoni-Italo,unknown,
Antonia,female,female
Antonio,male,male
Antonis,male,male
Anubha,unknown,
Anuk,unknown,
Anukriti,unknown,
Anurag,unknown,
Anusha,unknown,
Anushka,female,female
"Anwar,",unknown,
Aparna,female,female
Apoorva,unknown,
"Appendino,",unknown,
April,female,female
Apurav,unknown,
Aradhya,unknown,
Aram,male,male
"Aramburu,",unknown,
Arantza,female,female
Aranya,unknown,
Arash,male,male
"Arbour,",unknown,
"Archanskaïa,",unknown,
Ardina,unknown,
"Argenziano,",unknown,
Argyris,male,male
Arianna,female,female
Ariel,male,male
Arielle,female,female
"Aristidou,",unknown,
Aristos,unknown,
Ariza,unknown,
Arjan,male,male
Arjun,male,male
Arman,male,male
Armando,male,male
Armen,male,male
"Armenta,",unknown,
Arnab,unknown,
Arnaud,male,male
"Arnoud,",unknown,
Arpita,female,female
Arthur,male,male
"Artunc,",unknown,
Artur,male,male
Arturas,male,male
Arturo,male,male
Aruhan,unknown,
Arun,male,male
Arushi,female,female
Asad,male,male
"Ash,",unknown,
Ashesh,unknown,
Ashima,female,female
Ashish,male,male
Ashley,mostly_female,female
Ashna,unknown,
Ashvin,unknown,
Ashwin,unknown,
Ashwini,unknown,
Asia,female,female
Asli,unknown,
Aslihan,unknown,
Assa,female,female
Assaf,male,male
Assil,unknown,
Astghik,female,female
Astrid,female,female
Athanasios,male,male
Atif,male,male
Attakrit,unknown,
Attila,male,male
Atul,male,male
Aubrey,andy,
Audinga,unknown,
Audrey,female,female
"Augias,",unknown,
Augustin,male,male
Augusto,male,male
Aurel,male,male
Aurelie,female,female
Aurora,female,female
Austin,male,male
Avantika,female,female
Avery,andy,
"Avetian,",unknown,
Awa,female,female
Ayako,female,female
Ayal,male,male
Ayden,male,male
"Aydin,",unknown,
"Ayerst,",unknown,
Aylin,female,female
Aysil,unknown,
Ayush,unknown,
Ayushi,unknown,
Azamat,male,male
Azeem,unknown,
Azhar,mostly_male,male
"Bachmann,",unknown,
"Badiani,",unknown,
Bahar,female,female
"Bai,",unknown,
"Bailey,",unknown,
"Baisa,",unknown,
Bakhodir,unknown,
"Balat,",unknown,
Balazs,unknown,
"Ball,",unknown,
"Balletta,",unknown,
"Ballyk,",unknown,
"Bandi,",unknown,
"Bar,",unknown,
Baran,male,male
Barbara,female,female
"Baretto,",unknown,
Baris,unknown,
"Barker,",unknown,
"Barrage,",unknown,
Barry,male,male
Bart,male,male
"Barthold,",unknown,
Barthélémy,male,male
Barton,male,male
Bartosz,male,male
Basile,male,male
Bastian,male,male
Battal,male,male
"Bazdresch,",unknown,
"Beaman,",unknown,
"Beare,",unknown,
Beatriz,female,female
"Beattie,",unknown,
"Becker,",unknown,
Becky,female,female
"Bednar,",unknown,
"Bednarek,",unknown,
Bedri,male,male
"Beg,",unknown,
Bei,andy,
Beia,unknown,
Beixi,unknown,
"Belisle,",unknown,
Beliyou,unknown,
"Bellet,",unknown,
Ben,male,male
Benedetta,female,female
Benedic,unknown,
"Benediktsdottir,",unknown,
"Bengali,",unknown,
"Bengui,",unknown,
Benjamin,male,male
Benjarong,unknown,
"Benkard,",unknown,
Bentley,unknown,
"Bento,",unknown,
"Beraldi,",unknown,
Berber,female,female
"Berezin,",unknown,
"Berger,",unknown,
Berk,male,male
Berna,female,female
Bernabe,unknown,
Bernardo,male,male
Bernatzky,unknown,
Bernd,male,male
Bernhard,male,male
Bert,male,male
Berta,female,female
Bertan,unknown,
Beth,female,female
Betty,female,female
Bhanu,unknown,
"Bharadwaj,",unknown,
Bhargav,unknown,
Bhargavi,unknown,
Bianca,female,female
Biancen,unknown,
Bikramaditya,unknown,
Bilgehan,mostly_female,female
Bin,andy,
Bineet,unknown,
Bing,andy,
Bingbing,andy,
Bingchao,unknown,
Bingzhi,andy,
Binta,unknown,
"Bird,",unknown,
"Birjandi-Feriz,",unknown,
Bixi,unknown,
Bjorn,male,male
"Blackwood,",unknown,
Blair,andy,
"Blit,",unknown,
"Blom,",unknown,
Bo,male,male
Boaz,male,male
Bogdan,male,male
"Boik,",unknown,
Bokyung,female,female
"Bolhuis,",unknown,
"Bonatti,",unknown,
"Bone,",unknown,
Boning,andy,
Bonsoo,unknown,
BooKang,unknown,
Boqun,unknown,
Bora,male,male
Boris,male,male
Borja,male,male
"Borowitz,",unknown,
Boryana,female,female
"Boskovic,",unknown,
"Botosaru,",unknown,
Bouke,mostly_male,male
Boyang,unknown,
Boyoung,female,female
"Boysel,",unknown,
Boyuan,unknown,
Bozidar,male,male
"Bracha,",unknown,
Bram,male,male
Brandon,male,male
Brandyn,male,male
Brantly,unknown,
Braulio,male,male
Brendan,male,male
Brenden,male,male
Brennan,male,male
"Brennecke,",unknown,
Brent,male,male
Brett,male,male
Brian,male,male
Briana,female,female
Brianna,female,female
Brigitte,female,female
Brit,female,female
Brittany,female,female
Brock,male,male
"Brolley,",unknown,
"Brooks,",unknown,
Bruna,female,female
Bruno,male,male
Bryan,male,male
"Bryan,",unknown,
Bryce,mostly_male,male
"Buggle,",unknown,
"Bunn,",unknown,
Bunyada,unknown,
Buqu,unknown,
Burcin,unknown,
Burcu,female,female
"Burkett,",unknown,
"Burley,",unknown,
Byeo,unknown,
"Bykhovskaya,",unknown,
Byunghoon,unknown,
Bård,male,male
Béla,male,male
"Cacciola,",unknown,
"Cai,",unknown,
Cailin,andy,
Caitlin,female,female
Caixia,andy,
"Calsamiglia,",unknown,
"Calvet,",unknown,
Calvin,male,male
"Calvin,",unknown,
"Calvo,",unknown,
Cameron,mostly_male,male
Camila,female,female
Camilio,unknown,
Camilla,female,female
"Campbell,",unknown,
"Campos,",unknown,
Can,andy,
Canhui,andy,
Canishk,unknown,
"Cao,",unknown,
"Capatina,",unknown,
"Carballo,",unknown,
Carl,male,male
Carl-Christian,unknown,
Carlo,male,male
Carlos,male,male
Carly,female,female
Carmen,female,female
Carmina,female,female
Carmit,female,female
"Caro-Burnett,",unknown,
Carola,female,female
Carolin,female,female
Carolina,female,female
Caroline,female,female
Carolos,unknown,
"Carranza,",unknown,
Carrie,female,female
Carson,mostly_male,male
Carter,male,male
Carvalho,unknown,
Cary,mostly_male,male
Casavilca,unknown,
"Cassagneau-Francis,",unknown,
Cassandra,female,female
Castaneda,unknown,
Catalina,female,female
Catherine,female,female
Cathleen,female,female
Caue,unknown,
"Caulkins,",unknown,
Cayrua,unknown,
Ce,andy,
Celena,female,female
Celia,female,female
Cem,male,male
Ceren,female,female
Cesar,male,male
Cesare,male,male
"Cetre,",unknown,
Cezar,male,male
"Chadd,",unknown,
Chamna,unknown,
"Chan,",unknown,
Chang,andy,
"Chang,",unknown,
Changhwa,unknown,
Changseok,unknown,
Changwoo,unknown,
Chanwoo,unknown,
Chao,andy,
"Chapel,",unknown,
"Chapelle,",unknown,
Charalambos,male,male
"Chari,",unknown,
Charles,male,male
Charles-Henri,unknown,
Charlotta,female,female
Chase,male,male
"Chatelain,",unknown,
Chayanee,unknown,
Chelsea,female,female
Chen,andy,
"Chen,",unknown,
Chen-Yu,andy,
Chencan,unknown,
"Cheng,",unknown,
Cheng-Ying,andy,
Chengcheng,andy,
Chengdi,unknown,
Chengyuan,andy,
Chenxin,unknown,
Chenyan,andy,
Chenyang,andy,
Chenyu,andy,
Chenyue,unknown,
Chenzi,unknown,
Cheonghum,unknown,
Cheuk,unknown,
Cheung,unknown,
Chi,andy,
Chi-Yi,unknown,
"Chia,",unknown,
Chia-Ming,unknown,
Chia-Yu,andy,
Chiara,female,female
Chien-Chiang,unknown,
Chien-Tzu,unknown,
Chien-Yuan,unknown,
Chika,female,female
"Childers,",unknown,
Chima,unknown,
Chinmay,unknown,
"Chiplunkar,",unknown,
Chisoo,unknown,
Chiu,andy,
"Cho,",unknown,
"Choi,",unknown,
Chong,andy,
"Choo,",unknown,
Choon,andy,
Choonsung,unknown,
"Chou,",unknown,
"Choukhmane,",unknown,
"Choy,",unknown,
Chris,mostly_male,male
Christa,female,female
Christel,female,female
"Christensen,",unknown,
Christiaan,male,male
Christian,male,male
Christiern,unknown,
Christina,female,female
Christine,female,female
Christoph,male,male
Christophe,male,male
Christopher,male,male
Christos,male,male
Chu,andy,
"Chu,",unknown,
Chu-An,unknown,
Chuanliang,andy,
Chuanqi,unknown,
"Chugh,",unknown,
Chuhan,unknown,
Chuhang,unknown,
"Chuk,",unknown,
Chun,andy,
Chun-Che,unknown,
Chun-Kai,andy,
Chunan,unknown,
Chung-Ying,unknown,
Chungeun,unknown,
Chunru,unknown,
Chunwei,andy,
Chunying,andy,
Chunzan,unknown,
Chuqing,unknown,
Chutima,unknown,
Ciaran,male,male
Cici,unknown,
"Cimon,",unknown,
"Ciscato,",unknown,
Claire,female,female
Clara,female,female
Clare,female,female
Claude,mostly_male,male
Claudia,female,female
Claudio,male,male
"Cleanthous,",unknown,
Clement,male,male
Cloe,unknown,
Cody,mostly_male,male
Coen,male,male
"Cohen,",unknown,
Colin,male,male
Colleen,female,female
Collin,male,male
"Colson-Sihra,",unknown,
"Comolli,",unknown,
"Compiani,",unknown,
Congshan,unknown,
"Conlon,",unknown,
Connor,male,male
Conny,mostly_female,female
Conor,male,male
Conrado,male,male
Constance,female,female
Constantine,mostly_male,male
Constanza,female,female
"Contractor,",unknown,
"Conwell,",unknown,
Corbin,male,male
"Corblet,",unknown,
Corey,mostly_male,male
Corina,female,female
Corinne,female,female
"Cornelson,",unknown,
Correa,unknown,
Cosimo,male,male
Costas,male,male
"Cotterlaz,",unknown,
"Couture,",unknown,
Cox,unknown,
"Cox,",unknown,
Craig,male,male
"Crane,",unknown,
Cristian,male,male
Cristiano,male,male
Cristina,female,female
Cristián,unknown,
Crystal,female,female
Cuba,unknown,
"Cucu,",unknown,
"Cui,",unknown,
Cuimin,unknown,
"Cusumano,",unknown,
Cynthia,female,female
Céline,female,female
César,male,male
Daan,male,male
Daeha,unknown,
Daeho,unknown,
Dai,andy,
"Dai,",unknown,
Daifeng,unknown,
Daisuke,male,male
Dajun,andy,
Dakang,unknown,
"Dalmia,",unknown,
"Dalvit,",unknown,
Damian,male,male
Damiano,male,male
"Damron,",unknown,
Dan,male,male
"Dan,",unknown,
Dana,female,female
Danchen,unknown,
Danial,male,male
Daniel,male,male
Daniela,female,female
Daniele,female,female
Danielle,female,female
Daniil,male,male
Danil,male,male
Danila,male,male
Danilo,male,male
Danna,female,female
Danny,male,male
Danrong,unknown,
Danyan,andy,
Daolu,unknown,
Dara,female,female
Daria,female,female
Darina,female,female
Dario,male,male
Darrel,male,male
Darwin,male,male
Daryna,female,female
"Das,",unknown,
"Dasgupta,",unknown,
Dave,male,male
David,male,male
Davide,male,male
"Daviet,",unknown,
Davin,male,male
"Davis,",unknown,
De,andy,
"Deb,",unknown,
Debbie,female,female
Debi,female,female
Debipriya,unknown,
Deborah,female,female
Debra,female,female
"Decker,",unknown,
"Dee,",unknown,
Deeksha,unknown,
Deepa,female,female
Del,female,female
Delia,female,female
Delong,andy,
Dena,female,female
"Deng,",unknown,
Denis,male,male
Deniz,mostly_female,female
Dennie,male,male
Dennis,male,male
Derek,male,male
"Deri,",unknown,
Derin,unknown,
Derrill,unknown,
"Deschamps,",unknown,
Desen,unknown,
"Desgagnés,",unknown,
"Desimone,",unknown,
Desislava,female,female
Desmond,male,male
Dessislava,female,female
"Dettling,",unknown,
Dev,unknown,
Devaki,unknown,
"Devereux,",unknown,
Devin,mostly_male,male
Devlin,male,male
"Dewan,",unknown,
"Dewitte,",unknown,
Deyin,unknown,
"Dhami,",unknown,
Dhananjay,unknown,
Dheeraj,unknown,
Dhiren,unknown,
Dhushyanth,unknown,
Di,female,female
Dian,female,female
Diana,female,female
Diarmaid,male,male
Dick,male,male
Didier,male,male
Diego,male,male
Dieter,male,male
Dieu,andy,
Difei,unknown,
Dilip,male,male
Dimitar,male,male
Dimitra,female,female
Dimitrije,male,male
"Dimitropoulos,",unknown,
Dimple,female,female
Dina,female,female
"Dineen,",unknown,
"Dinelli,",unknown,
Ding,andy,
"Ding,",unknown,
Dinghe,unknown,
Dionissi,unknown,
"Dippel,",unknown,
Dirk,male,male
Dita,female,female
Divya,female,female
Diwakar,unknown,
Dmitri,male,male
Dmitriy,male,male
Dmitry,male,male
DoHun,unknown,
"Dobronyi,",unknown,
"Doda,",unknown,
Dodge,unknown,
Dohan,unknown,
Dohyeon,unknown,
Domencio,unknown,
Domenico,male,male
"Dominguez,",unknown,
Dominic,male,male
Dominik,male,male
Dominique,andy,
Donald,male,male
Dong,andy,
Dong-Hee,mostly_male,male
DongIk,unknown,
Dongchen,unknown,
Donggyu,unknown,
Dongho,male,male
Donghyun,male,male
Dongling,andy,
Dongya,andy,
Dongyoung,male,male
Dony,unknown,
Dora,female,female
Dorothee,female,female
Doruk,male,male
Douglas,male,male
"Dow,",unknown,
Drew,male,male
"Du,",unknown,
"Duan,",unknown,
Duarte,male,male
"Duarte,",unknown,
"Dubasov,",unknown,
Duk,andy,
Duksang,unknown,
Duoxi,unknown,
Dusan,unknown,
"Dusha,",unknown,
Duy,mostly_male,male
"Dvorkin,",unknown,
Dyanne,unknown,
"Dyer,",unknown,
Dylan,mostly_male,male
Dávid,male,male
Eamon,male,male
Ebehi,unknown,
Eben,unknown,
"Eberhard,",unknown,
Ebrahim,male,male
Ece,female,female
"Eckert,",unknown,
Edison,male,male
Edmund,male,male
Edoardo,male,male
Edson,male,male
Eduard,male,male
Eduardo,male,male
Edvard,male,male
Edward,male,male
"Edwards,",unknown,
Eecheng,unknown,
Efraim,male,male
Egbert,male,male
Egemen,male,male
Eglė,female,female
Egon,male,male
Egor,male,male
Ehsan,male,male
Ei,andy,
"Eid,",unknown,
Eileen,female,female
Eirik,male,male
"Eizenberg,",unknown,
Ekaterina,female,female
Ekim,unknown,
Elaine,female,female
Elan,male,male
Elchin,male,male
Eleanor,female,female
Elena,female,female
Eleonora,female,female
Elessar,unknown,
Eli,female,female
Elia,female,female
Eliana,female,female
Elias,male,male
Elif,female,female
Elijah,male,male
Elisa,female,female
Elisabeth,female,female
Elisabetta,female,female
Elise,female,female
Eliza,female,female
Elizabeth,female,female
Elizaveta,female,female
Ellen,female,female
Elliot,male,male
Elliott,male,male
Ellora,unknown,
Elmer,male,male
Elsa,female,female
Emanuele,male,male
"Embree,",unknown,
Emek,male,male
Emeric,male,male
Emi,female,female
Emil,male,male
Emilia,female,female
Emiliano,male,male
Emilie,female,female
Emilien,male,male
Emilio,male,male
Emily,female,female
Emine,female,female
Emir,male,male
Emircan,male,male
Emma,female,female
Emmanuel,male,male
Emre,male,male
Emrehan,male,male
Enda,male,male
Endong,unknown,
Enestor,unknown,
Enjar,unknown,
"Enkhbold,",unknown,
Enoch,male,male
Enrico,male,male
Enrique,male,male
Entian,unknown,
Enzo,male,male
"Epling,",unknown,
Eran,male,male
Erdem,male,male
Eren,male,male
Erhan,male,male
Eric,male,male
Erica,female,female
Erick,male,male
Erik,male,male
Erika,female,female
Erin,mostly_female,female
Erkki,male,male
Erkko,male,male
Erling,male,male
"Ershov,",unknown,
"Ersoy,",unknown,
Erwin,male,male
Esen,female,female
Esmee,female,female
Esmée,female,female
Esperanza,female,female
Espinosa,unknown,
Espinoza,unknown,
"Esposito,",unknown,
Esra,female,female
"Essaji,",unknown,
Essi,female,female
Esteban,male,male
Esther,female,female
Estéfano,unknown,
Eszter,female,female
Ethan,male,male
Ettore,male,male
Eugene,male,male
Eugenia,female,female
Eugenio,male,male
Eul,andy,
Eun,mostly_female,female
Eun-Seok,unknown,
Eun-young,female,female
Eunice,female,female
Eunkyeong,unknown,
Eunmi,female,female
Eunsun,female,female
Eutteum,unknown,
Eva,female,female
Evan,male,male
Evangelia,female,female
"Evdokimov,",unknown,
"Eve,",unknown,
Evelina,female,female
Everett,male,male
Evgenii,male,male
Evgeniya,female,female
Eyal,male,male
Eyno,unknown,
Eyo,unknown,
Eçe,unknown,
Fabian,male,male
Fabio,male,male
Fabrizio,male,male
Fadi,male,male
Faisal,male,male
"Fajury,",unknown,
Falk,male,male
Fan,andy,
"Fan,",unknown,
Fang,andy,
"Fang,",unknown,
Fanglin,andy,
Fangning,unknown,
Fangzhu,unknown,
Fanny,female,female
Fanqi,unknown,
Fanyin,unknown,
Farhan,male,male
Farinha,unknown,
Farooq,male,male
Fatih,male,male
Fatima,female,female
Fatma,female,female
Fausto,male,male
"Fawcett,",unknown,
Federica,female,female
Federico,male,male
Fei,andy,
Feifan,unknown,
Felicia,female,female
Felipe,male,male
Felix,male,male
Fenaba,unknown,
"Fendoglu,",unknown,
Feng,andy,
"Fenske,",unknown,
Ferdinand,male,male
Fernanda,female,female
"Fernandes,",unknown,
Fernando,male,male
Ferran,male,male
Fidan,female,female
Fidel,male,male
Fikri,male,male
Filip,male,male
Filipe,male,male
Filippo,male,male
"Finamor,",unknown,
Finkelstein,unknown,
"Finlay,",unknown,
"Finley,",unknown,
"Fiore,",unknown,
Fiorella,female,female
"Fioretti,",unknown,
"Fisher,",unknown,
Flavia,female,female
Flavio,male,male
Florencia,female,female
Florian,male,male
Florin,male,male
Floris,male,male
"Foa’,",unknown,
"Fok,",unknown,
"Foley,",unknown,
"Forand,",unknown,
"Fort,",unknown,
"Forte,",unknown,
"Fostel,",unknown,
"Foster,",unknown,
"Found,",unknown,
Frances,female,female
Francesc,male,male
Francesca,female,female
Francesco,male,male
Francis,male,male
Francisca,female,female
Francisco,male,male
Franco,male,male
Francois,unknown,
Francois-Xavier,unknown,
"Franguridi,",unknown,
Frank,male,male
Frans,male,male
François,male,male
"Frazao,",unknown,
"Frazer,",unknown,
"Frazzomo,",unknown,
Freddie,mostly_male,male
Frederico,male,male
Fredrick,male,male
Fredrik,male,male
Freeha,unknown,
Friedrich,male,male
"Friedrich,",unknown,
Friso,male,male
Fu,andy,
"Fuchs-Schuendeln,",unknown,
Fudong,andy,
Fuhito,unknown,
"Fujimoto,",unknown,
Fujin,unknown,
"Fuld,",unknown,
Fulin,andy,
Fumihiko,male,male
Fumitaka,unknown,
Furkan,male,male
Ga,andy,
Gabor,unknown,
Gabriel,male,male
Gabriela,female,female
Gabriele,female,female
"Gabriele,",unknown,
Gabriella,female,female
Gabrielle,female,female
Gaia,female,female
Gail,mostly_female,female
Gajendran,unknown,
Gal,male,male
"Gallant,",unknown,
"Gan,",unknown,
"Ganapati,",unknown,
Ganesh,male,male
Gang,andy,
Gao,andy,
"Gao,",unknown,
Gaoquan,unknown,
Gareth,male,male
"Garlick,",unknown,
Garrett,male,male
Garth,male,male
Gary,male,male
Gaston,male,male
Gatti,unknown,
Gaurav,unknown,
Gavin,male,male
Geena,female,female
"Geerolf,",unknown,
Geert,male,male
Geertjan,unknown,
Geetika,unknown,
"Gelos,",unknown,
Gema,female,female
"Gendron-Carrier,",unknown,
Genevieve,female,female
Geoffrey,male,male
Georg,male,male
George,male,male
Georgios,male,male
Georgy,male,male
Gerard,male,male
Gergana,female,female
Gergely,male,male
Gergő,male,male
Gerhard,male,male
Germán,male,male
Geun,andy,
Geunyong,unknown,
Geyu,unknown,
"Ghaus,",unknown,
Ghazala,female,female
Giacomo,male,male
Giampaolo,male,male
Gian,male,male
Gianluca,male,male
Gianlucca,unknown,
Gianni,male,male
"Gicheva,",unknown,
Gihoon,unknown,
Gihwan,unknown,
Gil,male,male
Gila,female,female
"Gilraine,",unknown,
Gina,female,female
Gino,male,male
Giorgi,male,male
Giorgio,male,male
Giovanna,female,female
Giovanni,male,male
Giraldo,unknown,
Giri,unknown,
Girija,female,female
Gisela,female,female
Giselle,female,female
Giulia,female,female
Giulio,male,male
Giuseppe,male,male
Gizem,female,female
Gladys,female,female
Gleb,male,male
Gloria,female,female
"Glover,",unknown,
"Goetz,",unknown,
Gohar,female,female
Gokce,unknown,
Gokhan,unknown,
Golvine,unknown,
Gomez,unknown,
Gondo,unknown,
Gonzalo,male,male
"Goodman,",unknown,
"Goonetilleke,",unknown,
Goran,male,male
Gordon,male,male
Gorea,unknown,
Gorkem,unknown,
Gosia,unknown,
"Goussé,",unknown,
"Gowans,",unknown,
Gozde,unknown,
Grace,female,female
"Gracia,",unknown,
Gracie,female,female
Graciela,female,female
"Gramlich,",unknown,
Grant,male,male
"Grant,",unknown,
"Graves,",unknown,
"Graziano,",unknown,
"Greaney,",unknown,
Grega,male,male
"Gregg,",unknown,
Gregor,male,male
Gregory,male,male
Grey,unknown,
Groga,unknown,
"Gu,",unknown,
Gualtiero,male,male
Guang,andy,
Guangye,unknown,
Guangzhi,andy,
Gue,andy,
Gueyon,unknown,
"Guggenberger,",unknown,
Guihai,unknown,
Guilherme,male,male
Guillaume,male,male
Guillem,male,male
Guillerme,unknown,
Guillermo,male,male
"Guimaraes,",unknown,
"Guiton,",unknown,
Gultekin,male,male
Gunes,unknown,
"Gunnsteinsson,",unknown,
Guo,andy,
"Guo,",unknown,
Guodong,andy,
Guofang,andy,
Guohui,andy,
Gustavo,male,male
"Gutierrez,",unknown,
Guy,male,male
Gwangmin,unknown,
Gwyn,mostly_female,female
"Gyetvai,",unknown,
Gyung-Mo,unknown,
Gábor,male,male
Gökçe,andy,
Ha,mostly_male,male
Haaris,unknown,
"Habib,",unknown,
"Hachem,",unknown,
"Hackmann,",unknown,
"Haddock,",unknown,
Hae,andy,
Hae-young,unknown,
Hai,andy,
Haibo,andy,
Hailey,female,female
Haimeng,unknown,
Haiqiang,andy,
Haitian,andy,
Haixi,unknown,
Haiyan,andy,
Hajime,male,male
Hale,female,female
Halil,male,male
Halla,female,female
"Halmrast,",unknown,
Han,andy,
"Han,",unknown,
Hanbaek,unknown,
Hanbin,andy,
Hanchen,andy,
Hande,female,female
Hang,andy,
Hanjo,male,male
Hanley,unknown,
Hanna,female,female
"Hanna,",unknown,
Hannah,female,female
Hannes,male,male
Hanno,male,male
Hans,male,male
Hans-Christian,unknown,
Hanwei,andy,
Hanwook,unknown,
Hanyi,unknown,
Hao,andy,
"Hao,",unknown,
Haofei,unknown,
Haomiao,unknown,
Haomin,unknown,
Haozhe,unknown,
"Haque,",unknown,
"Hardy,",unknown,
Harim,unknown,
Harini,unknown,
Harold,male,male
Harro,male,male
Harry,male,male
Harshil,unknown,
Haruka,mostly_female,female
Has,unknown,
Hasan,male,male
"Hashmi,",unknown,
Hassan,male,male
Hautahi,unknown,
"Hawkins,",unknown,
Haydar,male,male
Hayk,male,male
Hayley,female,female
Hayri,male,male
Hazen,unknown,
He,andy,
"He,",unknown,
"Heath,",unknown,
Heather,female,female
Hee,mostly_female,female
Heechul,unknown,
Heehyun,unknown,
Heewoo,unknown,
"Hegland,",unknown,
Heidi,female,female
"Heilmann,",unknown,
"Heinsalu,",unknown,
"Heise,",unknown,
Heitor,male,male
Helen,female,female
Helia,unknown,
Helu,unknown,
"Hempel,",unknown,
Hendrik,male,male
Heng,andy,
Henri,male,male
Henrique,male,male
Henry,male,male
Herdis,female,female
"Heresi,",unknown,
"Hernaiz,",unknown,
Hernan,unknown,
Hernán,male,male
"Hersey,",unknown,
"Herzog,",unknown,
"Heumann,",unknown,
Heydari,unknown,
Heyokmoon,unknown,
Hi-Lin,unknown,
Hieu,mostly_male,male
Hikaru,mostly_female,female
Hillary,female,female
Himanshu,unknown,
Hippolyte,male,male
Hiren,unknown,
Hiroaki,male,male
Hiroshi,male,male
Hisatoshi,male,male
Hitoshi,male,male
"Hitsch,",unknown,
Hiu,unknown,
Hiyu,unknown,
"Hjalmarsson,",unknown,
Ho,mostly_male,male
Hoan,andy,
"Hoang,",unknown,
"Hoffmann,",unknown,
Hoipan,unknown,
Holger,male,male
"Holmes,",unknown,
Holt,unknown,
"Hom,",unknown,
Hon,unknown,
Hong,andy,
"Hong,",unknown,
Hongseok,unknown,
Hongtao,andy,
Hongyi,andy,
"Hood,",unknown,
Hope,female,female
Horng,unknown,
"Hossein,",unknown,
Hou,andy,
"Hou,",unknown,
Howard,male,male
Hoyong,unknown,
Hoyoung,male,male
Hsuan,andy,
Hsuan-Chih,unknown,
Hsueh-Hsiang,unknown,
"Hu,",unknown,
Hua,andy,
Huailu,unknown,
Huaiping,andy,
Huan,andy,
"Huang,",unknown,
"Huangfu,",unknown,
Huanwei,unknown,
Huayu,unknown,
"Hubmer,",unknown,
"Huetsch,",unknown,
Hugo,male,male
"Hugot,",unknown,
Hugues,male,male
Hui,andy,
"Hui,",unknown,
Hui-Wen,andy,
Hundanol,unknown,
Hung,andy,
"Hung,",unknown,
Hussein,male,male
Huyen,mostly_female,female
"Huynh,",unknown,
Huzeyfe,unknown,
"Hwang,",unknown,
Hwikook,unknown,
Hyejin,female,female
Hyejoon,unknown,
Hyelim,unknown,
Hyo-Youn,unknown,
Hyojin,female,female
Hyosung,unknown,
Hyuk-soo,unknown,
Hyun,andy,
Hyuncheol,unknown,
Hyunchul,male,male
Hyungseok,unknown,
Hyunjoo,female,female
Hyunju,female,female
Hyunkyung,unknown,
Hyuntae,unknown,
"Hémet,",unknown,
Ia,female,female
Iacopo,male,male
Iain,male,male
Ian,male,male
Iaryna,unknown,
"Ibragimov,",unknown,
Ibraheem,unknown,
Ibrahim,male,male
Ieva,female,female
Ignacio,male,male
Igor,male,male
Ilaria,female,female
Ildefonso,male,male
Ildiko,female,female
Ilhan,male,male
Ilia,male,male
Ilke,mostly_female,female
Ilton,unknown,
Ilwoo,unknown,
Ilyana,female,female
Ilze,female,female
Imke,mostly_female,female
Inacio,unknown,
"Indacochea,",unknown,
Ines,female,female
Inkee,unknown,
Inés,female,female
Ioana,female,female
Ioannis,male,male
Irakli,male,male
Irina,female,female
Iris,female,female
Irma,female,female
Irving,male,male
Isaac,male,male
Isabel,female,female
Isabella,female,female
Isabelle,female,female
"Isabelle,",unknown,
Isaiah,male,male
Isaias,male,male
Isha,unknown,
Ishani,unknown,
Isidoro,male,male
Iskander,male,male
Isla,female,female
Ismail,male,male
Istvan,unknown,
Itay,male,male
Itthipong,unknown,
Itzhak,male,male
Itzik,male,male
Iuliia,unknown,
Ivan,male,male
"Ivars,",unknown,
Iwan,male,male
Izzet,unknown,
J.P,unknown,
Jaakko,male,male
Jaap,male,male
"Jaccard,",unknown,
Jacek,male,male
Jacint,unknown,
Jack,male,male
Jackson,male,male
Jacob,male,male
Jacobus,male,male
Jacopo,male,male
Jacqueline,female,female
Jacquelyn,female,female
Jacques,male,male
Jade,female,female
Jaden,mostly_male,male
Jae,andy,
JaeBin,unknown,
Jaedo,unknown,
Jaeho,male,male
Jaeki,male,male
Jaesun,andy,
Jaesung,unknown,
Jaevin,unknown,
Jaeyong,unknown,
Jahiz,unknown,
Jaime,male,male
"Jain,",unknown,
Jake,male,male
Jakina,unknown,
Jakob,male,male
Jakree,unknown,
Jakub,male,male
James,male,male
Jamie,mostly_female,female
Jan,male,male
"Jancec,",unknown,
Jane,female,female
Janelle,female,female
Janet,female,female
Jangsu,unknown,
Janice,female,female
Janina,female,female
Janko,male,male
Jann,male,male
Janos,unknown,
Janssen,unknown,
Jared,male,male
Jaron,male,male
Jasmin,female,female
Jasmina,female,female
Jason,male,male
Jasper,male,male
Javad,male,male
Javier,mostly_male,male
Jay,male,male
Jayani,unknown,
Jayant,unknown,
Jayhwa,unknown,
Jean-Baptiste,unknown,
Jean-Felix,unknown,
Jean-Francois,unknown,
Jean-François,unknown,
Jean-Jacques,unknown,
Jean-Louis,unknown,
Jeanne,female,female
Jee,andy,
Jee-Yeon,unknown,
Jeff,male,male
Jeffery,male,male
Jeffrey,male,male
Jemima,unknown,
Jen-Che,unknown,
Jenna,female,female
Jennifer,female,female
Jenny,female,female
Jens,male,male
Jeong,andy,
Jeongbin,unknown,
Jeongwon,mostly_male,male
Jerek,unknown,
Jeremy,male,male
Jerzy,male,male
Jesse,male,male
Jessica,female,female
Jessie,female,female
Jesús,mostly_male,male
Jetlir,unknown,
Ji,andy,
Ji-Liang,andy,
Jia,andy,
"Jia,",unknown,
Jia-Ping,andy,
Jiabin,andy,
Jiacheng,andy,
Jiae,unknown,
Jiafeng,unknown,
Jiafu,andy,
Jiajia,andy,
Jiajun,andy,
Jiakun,andy,
Jian,andy,
Jianan,andy,
Jiang,andy,
"Jiang,",unknown,
Jianguo,andy,
Jianhong,andy,
Jianhui,andy,
Jiankun,andy,
Jianrong,andy,
Jianwei,andy,
Jiao,andy,
Jiaqian,andy,
Jiaren,andy,
Jiarui,andy,
Jiatong,unknown,
Jiawei,andy,
Jiawen,andy,
Jiaxi,andy,
Jiaxiong,unknown,
Jiaxuan,andy,
Jiayi,andy,
Jiayin,andy,
Jiayun,andy,
Jie,andy,
Jiemai,unknown,
Jiemin,andy,
Jieran,unknown,
Jiheum,unknown,
Jihwan,unknown,
Jihye,female,female
Jimin,andy,
Jin,female,female
"Jin,",unknown,
Jin-Young,female,female
Jincheng,andy,
Jindi,andy,
Jinfeng,andy,
Jing,andy,
Jingfeng,andy,
Jinghan,andy,
Jingnan,andy,
Jingni,unknown,
Jingshu,andy,
Jingtao,andy,
Jingxian,andy,
Jingye,unknown,
Jingyi,andy,
Jingzhi,andy,
Jinhan,male,male
Jinhee,female,female
Jinhyeon,unknown,
Jinji,unknown,
Jinjing,andy,
Jinlin,andy,
Jinyeong,unknown,
Jinyong,andy,
Jinyue,unknown,
Jinzhu,andy,
Jiong,andy,
Jionglin,unknown,
Jirka,male,male
Jisoo,mostly_female,female
Jisun,female,female
Jisung,unknown,
Jiwei,andy,
Jiwon,mostly_female,female
Jiwoon,unknown,
Jiyoun,female,female
"Jo,",unknown,
Joachim,male,male
Joan,female,female
Joana,female,female
"Joanis,",unknown,
Joanna,female,female
Joao,unknown,
Joaquim,male,male
Joaquin,unknown,
Job,male,male
Jochem,male,male
Joe,male,male
Joel,male,male
Joep,male,male
Joerg,unknown,
Joeri,male,male
Joesph,unknown,
Johan,male,male
Johann,male,male
Johanna,female,female
Johannes,male,male
John,male,male
Johnny,male,male
"Johnson,",unknown,
Jon,male,male
Jona,female,female
Jonah,male,male
Jonas,male,male
Jonathan,male,male
Jonathon,male,male
Jong,andy,
Jongho,male,male
Jongrim,unknown,
Jonna,female,female
Jonneke,female,female
Joo,andy,
"Joo,",unknown,
Joo-Hyung,male,male
Joohyun,andy,
JoonYup,unknown,
Joonbae,unknown,
Joonseok,unknown,
Jooyoung,unknown,
"Jorapur,",unknown,
Jordan,male,male
Jordi,male,male
Jorge,male,male
Jorgen,unknown,
Jori,male,male
Joris,male,male
Jorn,male,male
Jose,male,male
Josef,male,male
Joseph,male,male
Josephine,female,female
Josh,male,male
Josha,male,male
Joshua,male,male
Josie,female,female
José,male,male
José-Élías,unknown,
Joy,female,female
Joyce,female,female
João,mostly_male,male
Joël,male,male
Ju,andy,
Juan,male,male
Jubo,andy,
Judd,male,male
Judit,female,female
Jue,andy,
Juhana,male,male
Jui-Lin,unknown,
Jules,male,male
Julia,female,female
Julian,male,male
Juliane,female,female
Julie,female,female
Julien,male,male
Julieta,female,female
Juliette,female,female
Julio,male,male
Julius,male,male
Jun,mostly_male,male
Jundong,andy,
June,female,female
Junfu,andy,
Jung,andy,
JungJae,unknown,
Jungbin,unknown,
Jungho,male,male
Junghwan,male,male
Junghyun,mostly_male,male
Jungsoo,male,male
Jungyoon,unknown,
Junhao,andy,
Junhui,andy,
Junhyong,unknown,
Junichi,male,male
Junjie,andy,
Junke,andy,
Junlong,andy,
Junmin,andy,
Junnan,unknown,
Junwei,andy,
Junwen,andy,
Junyi,andy,
Junyuan,andy,
Junze,unknown,
Jura,male,male
Jurre,mostly_male,male
Justin,male,male
Justus,male,male
Juyoung,female,female
Jérôme,male,male
Jósef,male,male
"Kahraman,",unknown,
Kai,male,male
Kai-Jie,unknown,
Kai-Wen,andy,
Kailin,andy,
Kaitlyn,female,female
Kaixin,unknown,
Kaja,female,female
"Kalikman,",unknown,
Kalin,male,male
Kalina,female,female
"Kallock,",unknown,
"Kalouptsidi,",unknown,
Kalyani,female,female
Kameliia,unknown,
Kamer,male,male
Kamila,female,female
Kamran,male,male
Kan,andy,
Kang,andy,
"Kang,",unknown,
Kanghyock,unknown,
Kanit,unknown,
"Kankanala,",unknown,
"Kantarevic,",unknown,
"Kapoor,",unknown,
"Kapor,",unknown,
Kara,female,female
"Karalashvili,",unknown,
Karam,male,male
Karan,female,female
"Karapanagiotidis,",unknown,
Kareem,male,male
Karen,female,female
Karim,male,male
"Karim,",unknown,
"Karimova,",unknown,
Karin,female,female
Karine,female,female
Karl,male,male
Karla,female,female
Karlijn,female,female
Karmini,unknown,
Karol,male,male
Karolina,female,female
Karthik,male,male
Kartikeya,unknown,
Kartini,unknown,
Karun,unknown,
Kasper,male,male
Kata,female,female
Katarina,female,female
Kate,female,female
Katelyn,female,female
Katerina,female,female
Katharina,female,female
Katharine,female,female
Katherine,female,female
Kathleen,female,female
Kathryn,female,female
Katie,female,female
Katrin,female,female
Katsuhiko,male,male
Katsuhiro,male,male
Katsuyuki,male,male
Katy,female,female
"Kaul,",unknown,
Kavan,male,male
Kayleigh,female,female
Kayuna,unknown,
Kazuharu,unknown,
Ke,andy,
Keaton,male,male
Kee,andy,
Keeyoung,unknown,
Kegon,unknown,
Keh-Kuan,unknown,
Kei,mostly_female,female
Keith,male,male
Keler,male,male
Kelly,mostly_female,female
Kelsey,mostly_female,female
Kelvin,male,male
Ken,male,male
Ken-Shih,unknown,
Kenan,male,male
"Kenedi,",unknown,
Kenichi,male,male
Kenji,male,male
Kenju,unknown,
Kentaro,male,male
Kenwin,unknown,
Kenzo,male,male
Ker,unknown,
Keri,female,female
Kerry,mostly_female,female
Keshav,unknown,
"Keskin,",unknown,
Kevin,male,male
Kewei,andy,
Kexin,andy,
Keyu,andy,
Keyvan,male,male
Khai,mostly_male,male
Khan,unknown,
"Khandelwal,",unknown,
Khuong,andy,
"Khvan,",unknown,
Ki,andy,
Kian,male,male
Kibrom,unknown,
Kien,mostly_male,male
Kieu-Trang,unknown,
Kilian,male,male
Kim,mostly_female,female
"Kim,",unknown,
Kimberly,mostly_female,female
Kin-Yip,unknown,
Kira,female,female
Kirabo,unknown,
Kirill,male,male
Kirk,male,male
Kirsten,female,female
Kjell,male,male
"Klee,",unknown,
"Kleineberg,",unknown,
Klevi,unknown,
Klint,unknown,
"Knaup,",unknown,
"Ko,",unknown,
Ko-Chia,unknown,
"Kochhar,",unknown,
Koen,male,male
"Koh,",unknown,
Kohei,male,male
"Komatsuzaki,",unknown,
Konrad,male,male
Konstantin,male,male
Konstantinos,male,male
Konuray,unknown,
Koralai,unknown,
"KorniotisS,",unknown,
Kory,male,male
Kosha,unknown,
Kotaro,male,male
Kotbee,unknown,
"Krasnokutskaya,",unknown,
Krastina,unknown,
"Krause,",unknown,
"Kreamer,",unknown,
Kremena,female,female
Kris,mostly_male,male
Krishna,andy,
"Krishnaswamy,",unknown,
Kristen,female,female
Kristijan,male,male
Kristin,female,female
Kristina,female,female
Kristine,female,female
Kristoph,unknown,
Kristóf,male,male
Krisztina,female,female
Kritika,unknown,
Krittanai,unknown,
Krzysztof,male,male
"Ksoll,",unknown,
"Kubler,",unknown,
Kue,unknown,
Kui,andy,
Kuldeep,mostly_male,male
"Kulick,",unknown,
Kumar,male,male
Kun,andy,
Kunal,unknown,
Kunjal,unknown,
Kuo-Lring,unknown,
"Kuriksha,",unknown,
Kurt,male,male
"Kwak,",unknown,
Kwok,unknown,
"Kwon,",unknown,
Kye,andy,
Kyle,mostly_female,female
Kym,female,female
Kyoobok,unknown,
Kyoung,andy,
Kyra,female,female
"Kyriazis,",unknown,
Kyu,andy,
Kyu-Ch,unknown,
Kyung,mostly_female,female
Kyungmin,male,male
Kyungsoo,male,male
La,unknown,
"Laage,",unknown,
Laetitia,female,female
Lai,andy,
"Lai,",unknown,
Lala,female,female
"Laliberté,",unknown,
Lalit,male,male
Lam,mostly_male,male
"Lam,",unknown,
"Lamontagne,",unknown,
Lan,andy,
"Langford,",unknown,
"Langlais,",unknown,
Lanyue,unknown,
Larbi,male,male
Larry,male,male
"Lau,",unknown,
"Laudati,",unknown,
Laura,female,female
Laure,female,female
Laurel,female,female
Lauren,mostly_female,female
Laurence,female,female
Lauri,male,male
Laurie,female,female
Laurien,female,female
"Lavecchia,",unknown,
Lawrence,male,male
Le,mostly_female,female
Lea,female,female
Leah,female,female
Leander,male,male
Lee,mostly_male,male
"Lee,",unknown,
"Leenders,",unknown,
"Lehoux,",unknown,
Lei,andy,
Leifei,unknown,
Leigh,mostly_female,female
Leila,female,female
Lejvi,unknown,
Leland,male,male
"Lemon,",unknown,
Lena,female,female
Lennart,male,male
Leo,male,male
"Leo,",unknown,
Leon,male,male
"Leon,",unknown,
Leonard,male,male
Leonardo,male,male
Lerby,unknown,
Lesley,andy,
Leslie,mostly_female,female
"Leslie,",unknown,
Lester,male,male
Leticia,female,female
Levent,male,male
Levi,male,male
"Levy,",unknown,
Lewis,male,male
"Lewis,",unknown,
Lexi,female,female
Li,andy,
"Li,",unknown,
Liad,unknown,
Lian,andy,
Liana,female,female
Liang,andy,
"Liang,",unknown,
Liang-Chieh,unknown,
"Liao,",unknown,
Lichen,andy,
Lihan,andy,
Lijing,andy,
Lijun,andy,
"Lileeva,",unknown,
Lilei,unknown,
Liliana,female,female
Lillian,female,female
Lily,female,female
"Lim,",unknown,
Lin,female,female
Lina,female,female
Linden,unknown,
Lindsay,mostly_female,female
Ling,andy,
Lingdi,andy,
Lingmin,unknown,
Lingwei,andy,
Lingxiao,andy,
Linh,andy,
Linnéa,female,female
Linqi,unknown,
Lintao,andy,
Linxi,andy,
Linyan,andy,
Linyi,andy,
Lipeng,andy,
Liquan,andy,
Lisa,female,female
Liu,andy,
"Liu,",unknown,
Liuchun,unknown,
Livia,female,female
Lixia,andy,
Liyan,andy,
Liyang,andy,
Liyi,andy,
Liyuan,andy,
Ljubica,female,female
"Lo,",unknown,
Lodewijk,male,male
Lois,female,female
Lona,female,female
"Lonergan,",unknown,
Long,mostly_male,male
Lopez,unknown,
"Lopez-Vargas,",unknown,
Loren,mostly_male,male
Lorenz,male,male
Lorenzo,male,male
Lori,female,female
Louis-Pierre,unknown,
"Louis-Sidois,",unknown,
Louise,female,female
Loukas,male,male
"Love,",unknown,
Lovisa,female,female
Lu,andy,
"Lu,",unknown,
Luan,male,male
"Lubik,",unknown,
Luc,male,male
Luca,male,male
Lucas,male,male
Lucciano,unknown,
Lucia,female,female
Lucie,female,female
Lucienne,female,female
Lucretia,female,female
Lucrezio,male,male
Lucy,female,female
Lucyna,female,female
Lugi,unknown,
Luigi,male,male
Luis,male,male
Luisa,female,female
Luise,female,female
Lukas,male,male
Lukasz,unknown,
Luke,male,male
Luming,andy,
Luminita,unknown,
"Luo,",unknown,
Luoyi,unknown,
"Lustig,",unknown,
Lydia,female,female
László,male,male
Léa,female,female
"Ma,",unknown,
Maarten,male,male
Mabel,female,female
"MacKenzie,",unknown,
Macarena,female,female
"Macartney,",unknown,
"Macek,",unknown,
Machiel,male,male
"Mackowiak,",unknown,
Maddalena,female,female
Madhav,male,male
Madhavi,female,female
Madhura,unknown,
Madina,female,female
Madison,mostly_female,female
"Maestri,",unknown,
Magda,female,female
"Magesan,",unknown,
Maggie,female,female
"Magnolfi,",unknown,
"Magruder,",unknown,
"Mahler,",unknown,
Mahmut,male,male
Mahnaz,female,female
Mahreen,unknown,
Mai,female,female
Maia,female,female
Maite,female,female
Majed,male,male
"Mak,",unknown,
"Makela,",unknown,
Maki,female,female
Malin,female,female
Mallick,unknown,
"Mallory,",unknown,
Malte,male,male
Man,andy,
Man-Keung,unknown,
Manabu,male,male
Manav,unknown,
Manisha,female,female
Manni,unknown,
Manolis,male,male
Manos,male,male
"Mansfield,",unknown,
Manshu,unknown,
Manuel,male,male
Mao,andy,
"Mao,",unknown,
Maor,male,male
Marat,male,male
Marc,male,male
Marcel,male,male
Marcela,female,female
Marcella,female,female
Marcelo,male,male
Marcin,male,male
Marco,male,male
Marcos,male,male
"Marcoux,",unknown,
Marcus,male,male
Mareen,female,female
Margaret,female,female
"Margaria,",unknown,
Margarita,female,female
Margaux,female,female
Mari,female,female
Maria,female,female
Mariana,female,female
Mariann,female,female
Marianna,female,female
Marianne,female,female
Mariano,male,male
Marie,female,female
Marieke,female,female
Mariesa,unknown,
Mariia,unknown,
Marija,female,female
Marika,female,female
Marina,female,female
Marinkov,unknown,
Mario,male,male
Marisa,female,female
Marissa,female,female
Marius,male,male
Marius-Ionut,unknown,
Mariusz,male,male
Mark,male,male
Markus,male,male
Markéta,female,female
"Marmer,",unknown,
Marric,unknown,
Marshall,male,male
Marta,female,female
Martijn,male,male
Martin,male,male
"Martin-Baillon,",unknown,
Martina,female,female
Martinez,unknown,
Martino,male,male
Martsella,unknown,
Martín,male,male
María,mostly_female,female
Masagus,unknown,
Masahiro,male,male
Masato,male,male
Masaya,male,male
Masayuki,male,male
Masha,female,female
Mashfiqur,unknown,
"Massa,",unknown,
Massimo,male,male
"Masson-Makdissi,",unknown,
Masyhur,unknown,
Mateo,male,male
Mateusz,male,male
Matheus,unknown,
Mathew,male,male
Mathias,male,male
Mathieu,male,male
Matilda,female,female
Matilde,female,female
"Matsumoto,",unknown,
"Matsuzawa,",unknown,
Matt,male,male
Matteo,male,male
Matthew,male,male
Matthias,male,male
Matthieu,male,male
Matthijs,male,male
Matti,male,male
Mattia,male,male
Mattias,male,male
Mattie,female,female
"Mattsson,",unknown,
Maulik,unknown,
Maura,female,female
Mauricio,male,male
Maurizio,male,male
Max,male,male
Max-Sebastian,unknown,
Maxim,male,male
Maxime,mostly_male,male
Maximilian,male,male
Maximiliano,male,male
Maxwell,male,male
Maxym,unknown,
Maya,female,female
"Maynard,",unknown,
Mayu,female,female
"Mazet-Sonilhac,",unknown,
Mazhar,male,male
"McBride,",unknown,
"McCaig,",unknown,
"McHenry,",unknown,
"McKenzie,",unknown,
"McKibbin,",unknown,
Md,unknown,
Meera,female,female
Meeroo,unknown,
Megan,female,female
Megha,female,female
Meghan,female,female
Mehmet,male,male
Mehreen,unknown,
Mehtap,female,female
Meichen,unknown,
Meiping,andy,
Melania,female,female
Melanie,female,female
Melih,male,male
Melissa,female,female
"Melnikow,",unknown,
"Melo,",unknown,
Meltem,female,female
"Mendes,",unknown,
Meng,andy,
Meng-Chien,unknown,
Mengheng,unknown,
Mengke,unknown,
Mengmeng,andy,
Mengqi,unknown,
Mengshan,unknown,
Mengxi,andy,
Mengxue,unknown,
Mengyue,unknown,
Mercedes,female,female
"Mercereau,",unknown,
"Mercier,",unknown,
Meredith,mostly_female,female
Merrick,unknown,
Merrilyn,unknown,
Merve,female,female
Mesay,unknown,
"Messacar,",unknown,
Metin,male,male
Meyer,unknown,
Mia,female,female
Mian,andy,
Miao,andy,
MiaoMiao,andy,
Michael,male,male
Michaela,female,female
Michal,male,male
Michaud,unknown,
Michel,male,male
Michela,female,female
Michele,female,female
Michelle,female,female
Michiel,male,male
Michiru,female,female
Micole,unknown,
Migiwa,unknown,
Miguel,male,male
Mihai,male,male
Mike,male,male
Mikel,male,male
Mikhail,male,male
Mikkel,male,male
Mikko,male,male
Miklos,unknown,
Milad,male,male
Milenka,female,female
"Milev,",unknown,
"Milligan,",unknown,
"Milo,",unknown,
"Miloucheva,",unknown,
"Mimir,",unknown,
Min,andy,
"Min,",unknown,
Minako,female,female
Minchul,male,male
Mindy,female,female
Ming,andy,
Mingjian,andy,
Mingli,andy,
Mingzhe,andy,
Mingzhu,andy,
Mingzuo,unknown,
Minho,male,male
Minhyeon,unknown,
Minji,female,female
Minjie,andy,
Minjoon,unknown,
Minjung,female,female
"Mink,",unknown,
Minkee,unknown,
Minki,unknown,
Minseog,unknown,
Minseon,unknown,
Minshen,unknown,
Minsu,male,male
Minsung,unknown,
Minuk,unknown,
Minwook,unknown,
Mirco,male,male
Miren,female,female
Miri,female,female
Miriam,female,female
"Mirikitani,",unknown,
Mirjam,female,female
Mirko,male,male
Misaki,female,female
Mishel,male,male
Misuzu,female,female
Mitch,male,male
Mitchell,male,male
Mitra,female,female
Mitsuru,male,male
"Miyashita,",unknown,
Mohammad,male,male
Mohammadreza,unknown,
Moheb,unknown,
Molin,unknown,
Molly,female,female
"Mommaerts,",unknown,
Momo,female,female
Momotazur,unknown,
Monahova,unknown,
Mongoljin,unknown,
Monica,female,female
Mons,unknown,
"Monte,",unknown,
"Moody,",unknown,
Moogdho,unknown,
"Moon,",unknown,
Moonjung,unknown,
"Moore,",unknown,
Mora,female,female
Morales,unknown,
"Morales,",unknown,
"Morales-Jimenez,",unknown,
"Moreno,",unknown,
Morgan,mostly_male,male
"Morin,",unknown,
Moritz,male,male
"Morlacco,",unknown,
"Moroni,",unknown,
Morris,male,male
Morten,male,male
"Morten,",unknown,
"Moshkin,",unknown,
Motaz,unknown,
Motohiro,male,male
Mounir,male,male
Mounu,unknown,
Moya,female,female
Mrinmoyee,unknown,
Mrithyunjayan,unknown,
Mudit,unknown,
Muhammad,male,male
"Mukherjee,",unknown,
"Mulino,",unknown,
"Mulraine,",unknown,
Munir,male,male
Murat,male,male
"Murdock,",unknown,
"Murphy,",unknown,
"Murray,",unknown,
Mustafa,male,male
Muyang,andy,
Muye,unknown,
Myat,unknown,
Myles,male,male
Myongjin,unknown,
Myrna,female,female
Myrto,female,female
Myunghyun,unknown,
Myungkou,unknown,
N.D,unknown,
Nadav,male,male
Nadeem,male,male
Nadia,female,female
Nadim,male,male
Nadine,female,female
Nafisa,female,female
"Nafzoger,",unknown,
Nageeb,unknown,
Nahim,unknown,
Nahom,unknown,
Naihobe,unknown,
Naijia,unknown,
Naijing,unknown,
"Nakamura,",unknown,
Nalan,female,female
Nalini,female,female
Nam,male,male
Naman,unknown,
Namrata,unknown,
Nan,mostly_female,female
Nandita,female,female
Nano,unknown,
Naoaki,unknown,
Naoki,male,male
Naoko,female,female
Naomi,female,female
"Narula,",unknown,
"Naseer,",unknown,
Nassima,unknown,
Natalia,female,female
Natalie,female,female
Natalisa,unknown,
Nataliya,female,female
Natalya,female,female
"Natama,",unknown,
Natasha,female,female
Nathalie,female,female
Nathan,male,male
Nathanial,male,male
Nathaniel,male,male
Natsuki,mostly_female,female
Nava,female,female
Naveen,mostly_male,male
Navin,male,male
Nayeon,unknown,
Nebahat,female,female
Ned,male,male
Neel,female,female
Neelanjan,unknown,
Neeta,female,female
Negar,female,female
Negin,unknown,
Neha,female,female
Neil,male,male
"Neill,",unknown,
"Neilson,",unknown,
Nellie,female,female
Nelson,male,male
Neryvia,unknown,
"Ng,",unknown,
"Ngatia,",unknown,
"Nguyen,",unknown,
Ni,andy,
Niall,male,male
Niamh,female,female
Niccolò,male,male
Nicholas,male,male
Nichole,female,female
Nick,male,male
Nickolai,unknown,
Nicola,female,female
Nicolas,male,male
Nicole,female,female
Nicoleta,female,female
Nicolo,male,male
Nicolás,male,male
Niels-Jakob,unknown,
Nigel,male,male
Nikhil,male,male
Niki,female,female
Niklas,male,male
Nikolai,male,male
Nikolas,male,male
Nikolay,male,male
Nilay,female,female
Nils,male,male
Nina,female,female
Ning,andy,
Ningjuan,unknown,
Nino,male,male
Nir,male,male
Nirav,unknown,
Nisha,female,female
Nishaad,unknown,
Nishant,unknown,
Nitya,unknown,
Niveditha,unknown,
"Nix,",unknown,
"No,",unknown,
Noah,male,male
Noam,mostly_male,male
Nobu,unknown,
Nobuyuki,male,male
Noemi,female,female
Nolan,male,male
Nordine,unknown,
Nujin,unknown,
"Nunn,",unknown,
"Nur,",unknown,
Nurfatima,unknown,
Nurgul,female,female
Nurullah,male,male
Nynke,female,female
"Nyshadham,",unknown,
"O'Gorman,",unknown,
Obeid,unknown,
Odyssia,unknown,
Oguz,unknown,
Oh,andy,
"Oh,",unknown,
"Ohlmacher,",unknown,
Ohyun,unknown,
Oke,andy,
Oksana,female,female
"Okuyama,",unknown,
Olaf,male,male
Olamide,unknown,
Olatz,female,female
Oleg,male,male
Oleksandr,male,male
Olesia,female,female
Olesya,female,female
Olga,female,female
Oliko,unknown,
"Oliveira,",unknown,
Oliver,male,male
Olivia,female,female
Olivier,male,male
Olle,male,male
"Olmos,",unknown,
Oluchi,unknown,
Omar,male,male
Omari,male,male
Omeed,mostly_male,male
Omer,male,male
Onyi,unknown,
Oren,male,male
Orhan,male,male
Oriol,male,male
Ornella,female,female
"Orr,",unknown,
Osama,male,male
Oscar,male,male
Osea,unknown,
Oskar,male,male
"Osman,",unknown,
Ou,andy,
"Oviedo-Cruz,",unknown,
Owen,male,male
"Ozawa,",unknown,
Ozge,unknown,
Ozgen,unknown,
Ozlem,unknown,
"Ozmen,",unknown,
Pablo,male,male
"Pachare,",unknown,
Padmaja,unknown,
Paitoon,unknown,
Pak,unknown,
Palaash,unknown,
Palak,unknown,
Pallavi,female,female
"Palloni,",unknown,
Paloma,female,female
"Palsson,",unknown,
Pamela,female,female
Panagiotis,male,male
Panayiotis,male,male
"Panjwani,",unknown,
"Panon,",unknown,
Panos,male,male
Pantelis,male,male
Pao-Lin,unknown,
Paola,female,female
Paolo,male,male
Papadia,unknown,
"Papageorgiou,",unknown,
Parag,unknown,
"Paredes-Haz,",unknown,
Parijat,male,male
Parisa,female,female
"Park,",unknown,
Parker,mostly_male,male
Parth,unknown,
Parul,female,female
Pascal,male,male
"Pascal,",unknown,
Pataporn,unknown,
"Patel,",unknown,
Patricia,female,female
Patricio,male,male
Patrick,male,male
Patrizia,female,female
Patten,unknown,
Pau,male,male
Paul,male,male
Paula,female,female
Paulius,male,male
Paulo,male,male
Pavel,male,male
Pavitra,unknown,
Pawel,male,male
Payam,male,male
Pearl,female,female
Pedram,unknown,
"Pedraza,",unknown,
Pedro,male,male
Pei,andy,
Peilin,andy,
Peiran,andy,
Peleg,unknown,
Pello,unknown,
"Penciakova,",unknown,
Peng,andy,
"Peng,",unknown,
Pengfei,andy,
Penglong,unknown,
"Peralta,",unknown,
"Perdoni,",unknown,
Pereira,unknown,
Perez,unknown,
"Perron,",unknown,
Peta-Gay,unknown,
Peter,male,male
Petia,unknown,
Petra,female,female
"Petronijevic,",unknown,
Petronilla,female,female
Petros,male,male
"Petroulakis,",unknown,
Peyron,unknown,
Phai,unknown,
"Phelan,",unknown,
Philip,male,male
Philipp,male,male
Philippe,male,male
Phillip,male,male
Phoebe,female,female
Phuong,mostly_female,female
Pier,male,male
Pierangelo,male,male
"Pieroth,",unknown,
Pierre,male,male
Pieter,male,male
Pietro,male,male
Pilar,female,female
Pim,male,male
Pimbucha,unknown,
Pinar,unknown,
Pinghui,andy,
Pingyu,andy,
Pinheiro,unknown,
Pinole,unknown,
"Pintoff,",unknown,
Pinzon,unknown,
Piotr,male,male
"Pivovarova,",unknown,
"Ploeckl,",unknown,
"Pohl,",unknown,
Ponpoje,unknown,
"Porzio,",unknown,
Prachi,unknown,
"Prada,",unknown,
"Praetorius,",unknown,
Prakarsh,unknown,
Prakash,mostly_male,male
Prankur,unknown,
Prasanthi,unknown,
Prathi,unknown,
Praveen,mostly_male,male
Prerna,unknown,
Priya,female,female
"Priyo,",unknown,
"Puempel,",unknown,
Puru,unknown,
Qi,andy,
Qian,andy,
"Qian,",unknown,
Qianqian,andy,
Qianyang,unknown,
Qianyu,unknown,
Qiaohairo,unknown,
Qifan,andy,
Qihui,andy,
Qin,andy,
Qing,andy,
Qinggong,unknown,
Qingli,andy,
Qingqing,andy,
Qingsong,andy,
Qingyang,andy,
Qingyuan,andy,
Qinshu,unknown,
Qiu,andy,
"Qiu,",unknown,
Qiusha,unknown,
Qiushi,andy,
Qiuying,andy,
Qiwei,andy,
Qiyao,unknown,
Qizhou,andy,
"Quistorff,",unknown,
Quoc-Ahn,unknown,
"Rachapalli,",unknown,
Rachel,female,female
Rachida,female,female
Radek,male,male
Radhika,female,female
Radoslav,male,male
"Raeburn,",unknown,
Rafael,male,male
Raffaella,female,female
Raghav,unknown,
Raghul,unknown,
"Rahaman,",unknown,
Rahul,male,male
Raicho,unknown,
Rajssa,unknown,
Raju,male,male
Ralph,male,male
Raluca,female,female
Ram,male,male
Ramiro,male,male
Ramses,unknown,
Ran,mostly_female,female
Ranae,unknown,
"Ranasinghe,",unknown,
Randall,male,male
Rania,female,female
Raphael,male,male
"Rappoport,",unknown,
Raquel,female,female
Rasim,male,male
"Rasooly,",unknown,
Ratib,unknown,
Raul,male,male
Raven,female,female
Ravi,mostly_male,male
Razvan,unknown,
Rebecca,female,female
Reed,male,male
"Reese,",unknown,
Regina,female,female
Reginald,male,male
Regis,male,male
Rei,female,female
Reka,unknown,
"Rempel,",unknown,
Remy,male,male
Renata,female,female
Rene,male,male
"Rennane,",unknown,
Renzo,male,male
Revathy,unknown,
Reynolds,unknown,
"Reynoso,",unknown,
Rezwan,unknown,
Rhiannon,female,female
Riako,unknown,
Rianne,female,female
Ricardo,male,male
Riccardo,male,male
Rich,mostly_male,male
Richard,male,male
Riemer,unknown,
Rigas,unknown,
Rigissa,unknown,
Riley,mostly_male,male
Rishab,unknown,
Rishabh,unknown,
Rishi,unknown,
Rita,female,female
Ritam,unknown,
Ritika,unknown,
"Ritter,",unknown,
"Ritto,",unknown,
Rob,male,male
Robert,male,male
Roberto,male,male
Robin,mostly_male,male
"Robinson,",unknown,
Rocco,male,male
Rocio,unknown,
Rodolfo,male,male
Rodrigo,male,male
Rodriguez,unknown,
Roel,male,male
Roger,male,male
Rogier,male,male
Rohan,male,male
"Roig,",unknown,
"Roitberg,",unknown,
Roland,male,male
Romaine,female,female
Roman,male,male
Romi,female,female
Romita,female,female
Ron,male,male
Ronak,female,female
"Roncoroni,",unknown,
Rong,andy,
Rongsheng,andy,
Rosalia,female,female
Rose,female,female
"Rosell,",unknown,
Rosemary,female,female
Rosen,male,male
"Rosenbaum,",unknown,
"Rosenblum,",unknown,
Rosina,female,female
Rositsa,unknown,
Ross,male,male
Rossa,unknown,
Rossella,female,female
"Rostek,",unknown,
"Rotberg,",unknown,
Rowan,mostly_male,male
Roy,male,male
Rubaiyat,unknown,
Ruben,male,male
Rucha,unknown,
Ruchi,female,female
Ruchika,female,female
Ruchir,unknown,
Ruchira,unknown,
Rudolf-Harri,unknown,
Rudolph,male,male
"Rueda,",unknown,
Rui,male,male
Ruiqing,andy,
Ruixue,andy,
Ruiz,unknown,
Ruizhi,andy,
Ruli,unknown,
Runhong,unknown,
Runjing,unknown,
Ruoqing,unknown,
Rusi,male,male
Russell,male,male
"Russell,",unknown,
Rutger,male,male
Ruwei,unknown,
Ryan,mostly_male,male
"Rybakov,",unknown,
Ryne,male,male
Ryoji,male,male
Ryota,male,male
Saad,male,male
Saar,unknown,
Sabareesh,unknown,
Sabina,female,female
Sabine,female,female
Sabrina,female,female
Sacha,mostly_female,female
Sadayuki,male,male
Sadhika,unknown,
Saeed,male,male
Sagar,male,male
Sahan,unknown,
Sahber,unknown,
Sahil,unknown,
Sai,andy,
Saiah,unknown,
"Said,",unknown,
Sailesh,unknown,
"Saint-Jean,",unknown,
Sajad,unknown,
Sajala,unknown,
Sakai,unknown,
Saketh,unknown,
Sakshi,unknown,
Salama,female,female
Salas,unknown,
Salim,male,male
"Salim,",unknown,
Salma,female,female
Salome,female,female
Salomón,male,male
"Saltiel,",unknown,
Sam,mostly_male,male
Saman,mostly_male,male
Samarth,unknown,
Samer,male,male
Samreen,unknown,
Samson,male,male
Samsun,unknown,
Samuel,male,male
Samuele,male,male
Sanah,female,female
Sanchari,unknown,
"Sanchez,",unknown,
Sandeep,mostly_male,male
Sander,male,male
Sandesh,unknown,
Sandip,unknown,
Sandra,female,female
Sandro,male,male
Sang,andy,
Sanghamitra,unknown,
Sanghoon,male,male
Sanghyun,unknown,
Sangita,female,female
Sangjik,unknown,
Sangmin,unknown,
Sangram,unknown,
Sangwoo,unknown,
Sangyeon,unknown,
Sanjay,male,male
Sanket,unknown,
Sanna,female,female
Sanne,female,female
"Santangelo,",unknown,
"Santarosa,",unknown,
Santiago,male,male
"Santos,",unknown,
"Sant’Anna,",unknown,
Saori,female,female
Sara,female,female
"Sarafides,",unknown,
Sarah,female,female
"Saravia,",unknown,
Sareh,female,female
Sarena,unknown,
"Sarig,",unknown,
Sarita,female,female
Sarojini,female,female
Sarquis,unknown,
Sarthak,unknown,
"Saruya,",unknown,
Sarzosa,unknown,
Sasha,mostly_male,male
Satoru,male,male
Sau,andy,
Saumya,unknown,
Savitar,unknown,
"Sawada,",unknown,
"Sayour,",unknown,
"Sbrancia,",unknown,
"Schmidt,",unknown,
"Schmidt-Dengler,",unknown,
Schmidtblaicher,unknown,
"Schneeberger,",unknown,
"Schneider,",unknown,
"Schorfheide,",unknown,
"Schrey,",unknown,
"Schuendln,",unknown,
"Schwartzman,",unknown,
Scott,male,male
Seamus,male,male
Sean,male,male
Sebastian,male,male
Sebastien,male,male
See-Yu,unknown,
Seetha,unknown,
Seho,unknown,
"Seim,",unknown,
Sekyu,unknown,
Selcen,unknown,
Selene,female,female
Selidji,unknown,
Selim,male,male
Selman,male,male
Selmar,unknown,
Seohee,unknown,
Seojeong,unknown,
Seok,andy,
Seollee,unknown,
Seon,andy,
Seong,andy,
Seonyoung,female,female
Serafin,male,male
Serdar,male,male
Serena,female,female
Serge,male,male
Sergei,male,male
Sergejs,male,male
Sergey,male,male
Sergi,male,male
Sergio,male,male
Sergiu,male,male
Sergiy,male,male
Serguey,male,male
Serhiy,male,male
Serif,unknown,
Seth,male,male
Seul-ki,unknown,
Seula,unknown,
Seung,andy,
Seung-Hyun,male,male
Seung-Keun,unknown,
Seung-Ryong,unknown,
Seung-hun,unknown,
Seungeun,unknown,
Seunghoon,male,male
Seunghwan,unknown,
Seunghyeon,unknown,
Seunghyup,unknown,
Seungjun,unknown,
Seungki,male,male
Sevcan,female,female
"Sever,",unknown,
Sevim,female,female
Sezer,male,male
Shadi,mostly_male,male
Shafaat,unknown,
Shahid,male,male
Shai,male,male
"Shaikh,",unknown,
Shaiza,unknown,
Shakhnov,unknown,
Shalini,female,female
Shan,andy,
Shane,male,male
Shangen,unknown,
Shanglyu,unknown,
Shangshang,unknown,
Shani,female,female
Shanjukta,unknown,
Shanjun,andy,
Shanke,unknown,
Shannon,mostly_female,female
Shanon,mostly_female,female
Shanthi,unknown,
Shaofei,andy,
Shaojun,andy,
Shaowen,andy,
Shaoyu,andy,
"Shapiro,",unknown,
Sharada,unknown,
"Sharifvaghefi,",unknown,
"Sharma,",unknown,
Sharmini,unknown,
Sharon,female,female
Shawn,mostly_male,male
Sheila,female,female
"Shen,",unknown,
Sheng,andy,
Shengjie,unknown,
Shengmao,unknown,
Shengwu,andy,
Shenshen,unknown,
Sherif,male,male
Sherry,female,female
Sherwin,mostly_male,male
"Shi,",unknown,
Shih,andy,
Shih-Wen,unknown,
Shihan,unknown,
Shihang,unknown,
Shihangyin,unknown,
Shihao,unknown,
Shihe,andy,
Shihui,andy,
Shijun,andy,
Shilong,andy,
Shilpi,unknown,
"Shin,",unknown,
Shinsuke,male,male
Shintaro,male,male
Shiqi,andy,
Shirlee,mostly_female,female
"Shiue,",unknown,
Shiv,male,male
Shiva,female,female
Shiyu,andy,
Sho,male,male
Shoghik,unknown,
Shogo,male,male
Shooshan,unknown,
"Shope,",unknown,
Shoshana,female,female
Shota,male,male
Shoya,unknown,
Shree,unknown,
Shresth,unknown,
Shruti,female,female
Shuang,andy,
Shuguang,andy,
Shuhei,male,male
Shuheng,unknown,
Shuichi,male,male
Shujaat,unknown,
"Shukla,",unknown,
Shumpei,unknown,
Shunan,andy,
Shuning,unknown,
Shunsuke,male,male
Shunya,unknown,
Shuo,andy,
Shuowen,unknown,
Shuqiao,unknown,
Shushanik,unknown,
Shushu,unknown,
Shwetha,unknown,
Si,andy,
Sida,unknown,
Siddharth,unknown,
Siddhartha,unknown,
Sidharth,unknown,
Sie,andy,
"Siegel,",unknown,
Siema,unknown,
Sieuwerd,unknown,
Siguang,unknown,
Siha,unknown,
Sili,andy,
Silin,unknown,
Silva,female,female
"Silva,",unknown,
Silvana,female,female
Silvia,female,female
Silvio,male,male
Simas,male,male
Simeng,unknown,
Simin,female,female
Simon,male,male
Simona,female,female
Simone,female,female
Sina,female,female
Sinchan,unknown,
Sinem,female,female
"Sinha,",unknown,
Sinyoung,female,female
Siprapai,unknown,
Siqi,andy,
Siraj,unknown,
Sirus,unknown,
Sisi,unknown,
Sisr,unknown,
Sitian,unknown,
Sivalai,unknown,
Siyi,andy,
Siyu,andy,
Sjoerd,male,male
"Smagghue,",unknown,
"Smarzynska,",unknown,
"Smith,",unknown,
"Smolin,",unknown,
"Snashall-Woodhams,",unknown,
Snigdha,unknown,
So,andy,
"Soboleva,",unknown,
Sohini,unknown,
Soler,unknown,
"Solomon,",unknown,
Solvejg,female,female
"Somani,",unknown,
Sommarat,unknown,
Son,mostly_male,male
"Son,",unknown,
Sonal,female,female
Sonali,female,female
Song,andy,
"Song,",unknown,
Songjie,unknown,
Songman,unknown,
Songyu,andy,
Sonia,female,female
Soo,andy,
Soojeong,unknown,
Soojin,female,female
Soonjin,unknown,
Sophia,female,female
Sophie,female,female
Sora,female,female
Sorawoot,unknown,
Soroush,unknown,
Sosa,unknown,
Sota,unknown,
Sotirios,male,male
Soule,unknown,
Sounak,unknown,
Souza,unknown,
"Souza,",unknown,
"Spanos,",unknown,
"Speer,",unknown,
Spencer,male,male
Sra,unknown,
Srikanth,unknown,
Srinivas,male,male
Stacey,mostly_female,female
Stan,male,male
Stanislas,male,male
Stanislav,male,male
Stanley,male,male
"Startz,",unknown,
Stas,male,male
Stefan,male,male
Stefano,male,male
Stefanos,male,male
Steffen,male,male
Stelios,male,male
Stepan,male,male
Stepana,unknown,
Stephan,male,male
Stephane,unknown,
Stephanie,female,female
Stephen,male,male
Stephenson,unknown,
Steve,male,male
Steven,male,male
"Stewart,",unknown,
"Stockley,",unknown,
"Stopnitzky,",unknown,
Strahil,male,male
"Stringham,",unknown,
Stylianos,male,male
Su,andy,
Su-Hsin,unknown,
Suanna,unknown,
Suchitra,female,female
Sudha,female,female
Sudipto,unknown,
Sueyoul,unknown,
"Sufana,",unknown,
Sujan,unknown,
Sulagna,unknown,
Suleyman,male,male
"Sullivan,",unknown,
Sumedh,unknown,
Sumedha,unknown,
Sun,andy,
"Sun,",unknown,
Suncica,unknown,
Suneil,unknown,
Sung,andy,
"Sung,",unknown,
Sung-Hwan,male,male
Sung-Ju,female,female
Sung-Yup,unknown,
Sungbae,unknown,
Sunha,unknown,
Sunwoo,unknown,
Supbhawong,unknown,
Suphanit,unknown,
Supreet,unknown,
Suproteem,unknown,
Surabhi,unknown,
Suraj,male,male
"Suri,",unknown,
Suryun,unknown,
Susana,female,female
Susannah,female,female
Sutanuka,unknown,
Suxiu,unknown,
Suzanne,female,female
Sveta,female,female
Svetla,female,female
Svetlana,female,female
Svetoslav,male,male
Swapnil,unknown,
"Swee,",unknown,
Sylverie,unknown,
Sylvia,female,female
Szymon,male,male
Sándor,male,male
Sébastien,male,male
Sílvia,unknown,
Ta-Chen,unknown,
Tae,mostly_male,male
Tae-Hoon,male,male
Tae-hwan,male,male
Taehoon,male,male
Taejun,male,male
Taesu,unknown,
Taeyoung,male,male
Taheya,unknown,
Tai-Sen,unknown,
Tairi,female,female
Taishi,unknown,
Tak-Yuen,unknown,
Takafumi,male,male
"Takahashi,",unknown,
Takakazu,male,male
"Takanashi,",unknown,
Takanori,male,male
Takeaki,male,male
Takeshi,male,male
Takuma,male,male
Takuya,male,male
Talal,male,male
Tam,male,male
Tamara,female,female
Tamas,male,male
"Tan,",unknown,
"Tang,",unknown,
Tangren,unknown,
Tania,female,female
Tanida,unknown,
Tanika,female,female
Tanner,male,male
"Tanner,",unknown,
Tannous,unknown,
Tanvi,unknown,
Tanya,female,female
Tao,andy,
"Tao,",unknown,
Taosong,unknown,
Taoying,andy,
Tara,female,female
"Taraz,",unknown,
Tarek,male,male
Tarun,male,male
Tatiana,female,female
Tatyana,female,female
"Tavares,",unknown,
Taylor,mostly_male,male
"Taylor,",unknown,
Te,andy,
Teck,unknown,
Tedi,unknown,
Teevrat,unknown,
Teja,female,female
Tejaswi,unknown,
"Tello-Trillo,",unknown,
Teodora,female,female
Teresa,female,female
Tereza,female,female
Terri,female,female
Tetsuya,male,male
"Tewfik,",unknown,
Thanasin,unknown,
Thea,female,female
Theodora,female,female
Theresa,female,female
Thibault,male,male
Thiemo,male,male
"Thioune,",unknown,
"Thirumurthy,",unknown,
Thomas,male,male
"Thomsson,",unknown,
"Thornton,",unknown,
Thorsten,male,male
Thu,mostly_female,female
Thummim,unknown,
Thuy,mostly_female,female
Tiago,male,male
Tian,andy,
"Tian,",unknown,
Tianchen,unknown,
Tiancheng,andy,
Tianli,andy,
Tianwang,unknown,
Tianxu,unknown,
Tianyi,andy,
Tianying,andy,
Tianyu,andy,
Tibor,male,male
Tiernan,male,male
Tiffanie,mostly_female,female
Tijmen,male,male
Tilahun,unknown,
Tillman,unknown,
Tillmann,male,male
Tilman,male,male
Tim,male,male
Timo,male,male
"Timoshenko,",unknown,
Timotej,male,male
Timothy,male,male
Timur,male,male
Ting,andy,
Ting-Wei,unknown,
Tingyan,unknown,
"Tino,",unknown,
Tirupam,unknown,
Tiziana,female,female
Tjeerd,male,male
Tobey,unknown,
Tobias,male,male
"Tobias,",unknown,
"Toda,",unknown,
Todd,male,male
Todor,male,male
"Tokman,",unknown,
Tokura,unknown,
Tolga,male,male
Tom,male,male
Tomar,unknown,
Tomas,male,male
Tomasz,male,male
"Tombe,",unknown,
Tomislav,male,male
Tommaso,male,male
Tomoaki,male,male
Tomohiko,male,male
Tomohiro,male,male
Tomás,male,male
Tong,andy,
Tongli,andy,
"Tongue,",unknown,
Tongyai,unknown,
Toni,male,male
Tony,male,male
"Torgovitsky,",unknown,
"Torre,",unknown,
Torsten,male,male
"Torul,",unknown,
Toshiaki,male,male
Toshinori,male,male
"Trachtman,",unknown,
"Tran,",unknown,
Trang,andy,
Travers,unknown,
Travis,male,male
Traviss,unknown,
Trenton,male,male
Trevor,male,male
Tristan,male,male
Troiano,unknown,
Tse-Chun,unknown,
Tsogbadral,unknown,
Tsogsag,unknown,
Tsung-Hsien,unknown,
"Tsuyuhara,",unknown,
Tsz,unknown,
Tsz-Nga,unknown,
Tszkin,unknown,
"Tu,",unknown,
Tuba,female,female
Tucker,male,male
Tugce,unknown,
Tulio,male,male
Tuo,andy,
Tuomas,male,male
"Ture,",unknown,
"Turner,",unknown,
"Tuttle,",unknown,
Tuuli,female,female
"Tuvanndorj,",unknown,
"Tuypens,",unknown,
"Tuzcuoglu,",unknown,
Tyler,mostly_male,male
"Tyurin,",unknown,
Tzachi,unknown,
Tzu-Chi,unknown,
Tzuo,unknown,
"Tô,",unknown,
"Ueda,",unknown,
Ufuk,male,male
"Uguccioni,",unknown,
Ulrich,male,male
Ulrika,female,female
Uma,female,female
Umair,unknown,
Umana,unknown,
Undral,unknown,
"Uniat,",unknown,
Urban,male,male
Uribe,unknown,
Ursa,unknown,
Ursina,female,female
"Urvoy,",unknown,
Usaid,unknown,
"Utgoff,",unknown,
Utkarsh,unknown,
Utso,unknown,
Uwe,male,male
Uyanga,unknown,
Vahe,male,male
Vahid,male,male
Vaishali,female,female
"Valente,",unknown,
Valentin,male,male
Valeria,female,female
"Vamosiu,",unknown,
Van,mostly_male,male
"Vandeweyer,",unknown,
Vania,female,female
Varoujan,unknown,
Varun,unknown,
Vasco,male,male
Vasileios,male,male
Vasudha,female,female
Vatsal,unknown,
Vatsala,unknown,
"Vavra,",unknown,
Vecchi,unknown,
Veda,female,female
Vedant,unknown,
Vedanta,unknown,
Vegard,male,male
"Velez-Ferro,",unknown,
Vera,female,female
Verena,female,female
Veronica,female,female
Vesa-Matti,unknown,
Vesall,unknown,
Vessela,female,female
Vi,unknown,
Victor,male,male
Victoria,female,female
"Vidangos,",unknown,
Vidhya,unknown,
Vijay,mostly_male,male
Vikram,male,male
Viktor,male,male
Viktors,male,male
Vinayak,unknown,
Vince,male,male
Vincent,male,male
Vincenzo,male,male
Vinh,mostly_male,male
Violeta,female,female
Violetta,female,female
Viplav,unknown,
Virginia,female,female
Vita,female,female
Vitali,male,male
Vitalijs,male,male
Vitaliy,male,male
Vitaly,male,male
Vito,male,male
Vitor,unknown,
Vitoria,unknown,
Vittoria,female,female
Vivan,female,female
Vivek,male,male
Viviana,female,female
Viviane,female,female
Vlad,male,male
Vladamir,unknown,
Vladimir,male,male
Volodymyr,male,male
"Vong,",unknown,
Vu,mostly_male,male
Vuillemey,unknown,
Vyacheslav,male,male
Vybhavi,unknown,
Vytautas,male,male
Víctor,male,male
"Wagner,",unknown,
"Waizmann,",unknown,
"Wakai,",unknown,
"Walker-Jones,",unknown,
Wallice,unknown,
"Walsh,",unknown,
Wan-Jung,unknown,
Wanchang,unknown,
"Wang,",unknown,
Wanjia,unknown,
Wanyi,andy,
"Ward,",unknown,
Wataru,male,male
Wayne,male,male
"Weaver,",unknown,
"Wee,",unknown,
Wei,andy,
Wei-Lin,andy,
Weifeng,andy,
Weihan,andy,
Weijie,andy,
Weiling,andy,
Weilong,andy,
Weining,andy,
"Weinstein,",unknown,
Weishi,andy,
Weiting,andy,
Weiwei,andy,
Weixin,andy,
Wen,andy,
"Wen,",unknown,
Wen-Chieh,unknown,
Wenbin,andy,
Wenbo,andy,
Wendong,andy,
Wendy,female,female
Wenjia,andy,
Wenjian,andy,
Wenjing,andy,
Wenliang,andy,
Wenqian,unknown,
Wenqiang,andy,
Wentao,andy,
Wenting,andy,
Wentong,unknown,
Wenxin,andy,
Wenxuan,andy,
Wenya,andy,
"Weretka,",unknown,
"Werquin,",unknown,
Wesley,male,male
"Wiedemann,",unknown,
Wilbur,male,male
"Wilemme,",unknown,
Wilfredo,male,male
Will,mostly_male,male
Willemien,female,female
Willemijn,female,female
William,male,male
"Williams,",unknown,
Willy,male,male
Wilson,male,male
"Wilson,",unknown,
Wing,andy,
Winnie,mostly_female,female
Wisarut,unknown,
Witold,male,male
"Witzen,",unknown,
Woan,unknown,
"Wolf,",unknown,
Wolfgang,male,male
"Wolter,",unknown,
Won-Ki,male,male
Won-chang,unknown,
"Wong,",unknown,
Wonjin,unknown,
Wonmun,unknown,
Wonsik,male,male
Wontae,male,male
Woo,andy,
WooRam,unknown,
Woosuk,male,male
Wooyoung,unknown,
Wu,andy,
"Wu,",unknown,
Xavier,male,male
Xi,andy,
Xia,andy,
Xiameng,unknown,
Xian,andy,
Xiang,andy,
"Xiang,",unknown,
Xiangjun,andy,
Xiangrong,andy,
Xiangting,andy,
Xiangyu,andy,
Xiannong,unknown,
Xiao,andy,
"Xiao,",unknown,
Xiaochen,andy,
Xiaodi,unknown,
Xiaodong,andy,
Xiaofei,andy,
Xiaohan,andy,
Xiaohua,andy,
Xiaohuan,andy,
Xiaohui,andy,
Xiaojing,andy,
Xiaoli,andy,
Xiaoliang,andy,
Xiaolong,andy,
Xiaomei,andy,
Xiaomeng,andy,
Xiaomin,andy,
Xiaonan,andy,
Xiaoping,andy,
Xiaoqing,andy,
Xiaosheng,unknown,
Xiaowen,andy,
Xiaoxi,andy,
Xiaoyang,andy,
Xiaoye,andy,
Xiaoying,andy,
Xiaoyu,andy,
Xiaoyue,andy,
Xiaxin,unknown,
"Xie,",unknown,
Xienan,unknown,
Xijie,unknown,
Xin,andy,
"Xin,",unknown,
Xincheng,unknown,
Xindi,andy,
Xing,andy,
"Xing,",unknown,
Xinghua,andy,
Xingtong,unknown,
Xingye,unknown,
Xinlu,unknown,
Xinrong,andy,
Xintong,andy,
Xinwei,andy,
Xinyi,andy,
Xinying,andy,
Xinyu,andy,
Xinyuan,andy,
Xinyue,andy,
"Xiong,",unknown,
Xirong,unknown,
Xirui,unknown,
Xitong,unknown,
Xiye,unknown,
Xiyu,andy,
Xu,andy,
"Xu,",unknown,
Xuan,andy,
Xueping,andy,
Xueying,andy,
Xuezhu,andy,
Xun,andy,
Xunkang,unknown,
Yaacov,male,male
Yaein,unknown,
Yair,male,male
Yajie,andy,
Yajing,andy,
"Yamada,",unknown,
Yan,male,male
"Yan,",unknown,
Yanan,andy,
Yanchi,unknown,
Yanfei,andy,
Yang,andy,
"Yang,",unknown,
Yangshin,unknown,
Yangwei,unknown,
Yanhao,unknown,
Yanhui,andy,
Yanina,female,female
Yanjun,andy,
Yankun,andy,
Yanlei,unknown,
Yann,male,male
Yannick,male,male
Yanyou,unknown,
Yao,andy,
Yaohui,andy,
Yaolang,unknown,
Yasar,unknown,
Yasemin,female,female
Yashna,unknown,
Yasmine,female,female
Yasuo,male,male
Yasushi,male,male
Yat,unknown,
"Yata,",unknown,
Yatang,unknown,
Yatish,unknown,
Yaxin,andy,
Ye,andy,
"Ye,",unknown,
Yeji,unknown,
Yelena,female,female
Yeliz,female,female
Yena,unknown,
Yeon,andy,
Yeonha,unknown,
Yeseul,unknown,
Yi,andy,
Yi-Hsuan,unknown,
Yi-Yi,andy,
Yibin,andy,
Yibo,andy,
Yibun,unknown,
Yicheng,andy,
Yichong,unknown,
Yifan,andy,
Yifei,andy,
Yihan,andy,
Yihang,unknown,
Yihong,andy,
Yijuan,andy,
Yilin,andy,
Yilliang,unknown,
Yilun,andy,
Yiman,male,male
Yiming,andy,
Yin,andy,
Yin-Chi,unknown,
Yinchu,unknown,
Ying,andy,
Ying-Ying,andy,
Yinghong,andy,
Yingjie,andy,
Yingtong,unknown,
Yingyao,unknown,
Yingying,andy,
Yining,andy,
Yinxi,unknown,
Yinxiao,unknown,
Yipei,unknown,
Yiqing,andy,
Yiran,unknown,
Yishu,andy,
Yiwei,andy,
Yiwen,andy,
Yixi,andy,
Yiyang,andy,
Yiyi,andy,
Yiyuan,andy,
Yizhen,andy,
Yizhou,andy,
Yogita,female,female
Yohei,male,male
Yoichi,male,male
Yoko,female,female
Yonatan,male,male
Yong,mostly_male,male
Yonggyun,unknown,
Yonghong,andy,
Yongkun,unknown,
Yonglei,andy,
Yoon,andy,
Yooseon,unknown,
Yoshifumi,male,male
Yoshiyasu,male,male
Yosub,unknown,
Yoto,unknown,
You,andy,
Youming,andy,
Young-Joon,male,male
YoungWook,unknown,
Younghun,unknown,
Youngjae,male,male
Youngju,female,female
Youngsoo,male,male
Youngwoo,unknown,
Youzong,unknown,
Yu,andy,
"Yu,",unknown,
Yu-Chang,andy,
Yu-Chen,andy,
Yu-Hsiang,unknown,
Yu-Li,andy,
Yuan,andy,
"Yuan,",unknown,
Yuan-Chuan,unknown,
Yuanchen,unknown,
Yuanhao,andy,
Yuanzhi,andy,
"Yucel,",unknown,
Yuchi,andy,
Yudi,andy,
Yue,andy,
Yuehui,andy,
Yueran,unknown,
Yueyuan,unknown,
Yuhai,andy,
Yuhao,andy,
Yuheng,andy,
Yuhta,unknown,
Yuichi,male,male
Yuichiro,male,male
Yujie,andy,
Yuki,mostly_female,female
Yukun,male,male
Yuli,male,male
Yulia,female,female
Yulu,andy,
Yumi,female,female
Yun,andy,
"Yun,",unknown,
Yun-Kwong,unknown,
Yunan,andy,
Yunjong,unknown,
Yunqi,andy,
Yunting,andy,
Yunus,male,male
Yunyu,andy,
Yuriy,male,male
Yuseob,unknown,
Yushan,andy,
Yusheng,andy,
Yusi,unknown,
Yusik,unknown,
Yuske,unknown,
Yusuf,male,male
Yusuke,male,male
Yusuki,unknown,
Yuteng,unknown,
Yuting,andy,
Yutong,andy,
Yuval,male,male
Yuxiao,andy,
Yuxin,andy,
Yuxuan,andy,
Yuya,female,female
Yuyu,andy,
Yuzhao,unknown,
Yuzheng,unknown,
Yves,male,male
Yves-Paul,unknown,
Zach,male,male
Zachary,male,male
Zack,male,male
Zafer,male,male
"Zago,",unknown,
Zahra,female,female
Zakary,male,male
Zapryanova,unknown,
Zara,female,female
Zaure,female,female
"Zavala,",unknown,
Zeeshan,male,male
Zefeng,andy,
Zehao,unknown,
Zeinab,female,female
Zeky,unknown,
Zenan,unknown,
"Zeng,",unknown,
"Zhang,",unknown,
Zhao,andy,
"Zhao,",unknown,
Zhaochen,unknown,
Zhaogang,unknown,
Zhaoguo,andy,
Zhaokun,unknown,
Zhaoning,unknown,
Zhaoxin,andy,
Zhe,andy,
Zheli,andy,
Zheliang,unknown,
Zhemin,andy,
Zhen,andy,
Zhenda,unknown,
Zheng,andy,
Zhengyuan,andy,
Zhengzi,unknown,
Zhenhui,andy,
Zhenning,andy,
Zhenqi,andy,
Zhenting,unknown,
Zhentong,unknown,
Zhenxing,andy,
Zhenxun,unknown,
Zhenyu,andy,
Zhenzhen,andy,
Zhesheng,unknown,
Zhi,andy,
Zhifeng,andy,
Zhigang,andy,
Zhihan,unknown,
Zhihong,andy,
Zhiling,andy,
Zhining,unknown,
Zhixiang,andy,
Zhixiu,unknown,
Zhiyang,andy,
Zhiyi,andy,
Zhiyu,andy,
Zhiyun,andy,
Zhong,andy,
"Zhong,",unknown,
Zhonghao,andy,
Zhongyi,andy,
Zhongzhong,unknown,
Zhou,andy,
"Zhou,",unknown,
Zhouxiang,unknown,
"Zhu,",unknown,
Zhuang,andy,
Zhuo,andy,
Zhuzhu,unknown,
Ziao,unknown,
Zibin,unknown,
Zichang,unknown,
Zichen,andy,
Zigan,unknown,
Zihan,unknown,
Zijing,andy,
"Zimmerman,",unknown,
"Zinabou,",unknown,
Ziqi,andy,
Ziwei,andy,
Zixuan,unknown,
Ziyue,unknown,
Zizhen,andy,
Zizhong,unknown,
Zoe,female,female
Zoey,female,female
Zoltan,unknown,
"Zou,",unknown,
Zsigmond,male,male
Zsofia,unknown,
"Zuccardi,",unknown,
Zulma,female,female
Zymantas,unknown,
Álvarez,unknown,
Álvaro,male,male
Ángel,male,male
Åsa,female,female
Çaglar,unknown,
Önder,male,male
Özgen,mostly_female,female
Özlem,female,female
Ümit,male,male
Łukasz,male,male
